{
  "rules": {
    "no-any": true,
    "class-name": true,
    "comment-format": [
      true,
      "check-space"
    ],
    "indent": [
      true,
      "spaces",
      2
    ],
    "no-duplicate-variable": true,
    "no-eval": true,
    "no-internal-module": true,
    "no-trailing-whitespace": true,
    "no-unsafe-finally": true,
    "no-var-keyword": true,
    "one-line": [
      true,
      "check-open-brace",
      "check-whitespace"
    ],
    "quotemark": [
      true,
      "single",
      "jsx-double"
    ],
    "triple-equals": [
      true,
      "allow-null-check"
    ],
    "typedef-whitespace": [
      true,
      {
        "call-signature": "nospace",
        "index-signature": "nospace",
        "parameter": "nospace",
        "property-declaration": "nospace",
        "variable-declaration": "nospace"
      }
    ],
    "variable-name": [
      true,
      "ban-keywords"
    ],
    "whitespace": [
      true,
      "check-branch",
      "check-decl",
      "check-operator",
      "check-separator",
      "check-type"
    ],
    "no-use-before-declare": true,
    "no-unused-variable": [
      "error"
    ],
    "eofline": true,
    "max-file-line-count": [
      true,
      1000
    ],
    "no-shadowed-variable": true,
    "object-literal-shorthand": true,
    "trailing-comma": [
      "error",
      {
        "multiline": "always"
      }
    ]
  },
  "jsRules": {
    "no-duplicate-variable": true,
    "no-shadowed-variable": true,
    "no-var-keyword": true,
    "no-trailing-whitespace": true,
    "eofline": true,
    "no-use-before-declare": true
  }
}
