{
    "spell": "click",
    "translation": [
        "vt. 点击；使发咔哒声",
        "vi. 作咔哒声",
        "n. 单击；滴答声"
    ],
    "example": [{
        "sentence": "Where do I click? ",
        "translation":  "我要在那里点击？"
        },
        {
        "sentence":  "You can click on that advice to navigate to it. ",
        "translation":  "可以在通知上单击，以便直接导航到它。"
        }
    ],
    "match": "click here 点击这里，点击此处；单击此处",
    "help": "click rate 点击率；点选率"


}