{
    "spell": "dream",
    "translation": [
        "vi. 梦想；做梦",
        "n. 梦想，愿望；梦"
    ],
    "example": [{
        "sentence": "I wouldn't dream of leaving this great job.",
        "translation":  "我做梦也想不到会离开这份好工作。"
        },
        {
        "sentence":  "This Utopian dream is far beyond the range of possibility.",
        "translation":  "这种乌托邦式的梦想远远超出了可能性的范围。"
        }
    ],
    "match": "dream of 梦想；梦见;dream come true 梦想成真；美梦成真",
    "help": "dream come true 梦想成真；美梦成真"
    }
       
       
