{
    "spell": "fuck",
    "translation": [
        "n. 性交；杂种；一丁点儿",
        "vt. 与...性交；诅咒；欺骗",
        "vi. 性交；鬼混",
        "int. 他妈的"
    ],
    "example": [{
        "sentence": "What the fuck did you do when you held out on me?",
        "translation":  "瞒着我你他妈的到底干了些什么?"
        },
        {
        "sentence":  "What the fuck was he doing? ",
        "translation":  "他妈的这是在干什么？"
        },{
        "sentence":  "When he received an answer, he continued, “So why the fuck doesn't it do that?  ",
        "translation":  "当他得到一个回答后，他继续发问：“那他妈的为什么它现在不能做那些事？"
        }
    ],
    "match": "fuck off vt. 犯错误（离开）；滚蛋",
    "help": "shut the fuck up 闭上鸟嘴；他妈的给我闭嘴"
}